trial_number,num_filters,filter_sizes,hidden_dim,model_type,subtask,lr,dropout,num_epochs,patience,Accuracy
0,48,"[7, 8, 5, 6, 2]",100,CNN,b,0.000522155407649847,0.41330582692284423,9,8,0.6542261251372119
1,78,"[5, 3, 6, 5, 3]",20,CNN,b,0.0006104340624092233,0.3278273135789985,37,9,0.721185510428101
2,84,"[4, 3]",28,CNN,b,0.0002451458886358228,0.35579961607260263,40,7,0.6641053787047201
3,115,"[6, 7, 2, 6, 4, 3]",91,CNN,b,7.231798122184625e-06,0.4311841660526619,13,10,0.6706915477497256
4,192,"[5, 8]",19,CNN,b,0.0002907141789950598,0.380092405602324,11,8,0.6948408342480791
5,193,"[4, 3]",86,CNN,b,1.3445863500391405e-05,0.3572838677071925,46,5,0.6959385290889133
6,58,"[3, 4, 5, 7, 6]",21,CNN,b,0.00015136126192361838,0.37249620418441376,16,5,0.6981339187705817
7,97,"[4, 3, 8, 5]",21,CNN,b,1.3615819263969181e-05,0.08353969230633357,18,8,0.677277716794731
8,127,"[7, 3, 7]",28,CNN,b,5.502821414629529e-06,0.37853028738859423,31,5,0.6509330406147091
9,171,"[2, 7, 4, 6, 3]",85,CNN,b,4.857295544826382e-05,0.3648087064463563,35,6,0.6904500548847421
10,14,"[8, 5, 7, 2, 8, 8]",56,CNN,b,1.9904195083920577e-06,0.20570329697935802,50,10,0.6498353457738749
11,60,"[2, 5, 5, 8]",44,CNN,b,8.863247016476842e-05,0.24415233870963526,21,7,0.6794731064763996
12,35,"[3, 2, 3, 4, 6]",11,CNN,b,0.0009125072888848242,0.28021818742718907,27,9,0.712403951701427
13,10,"[5, 2, 2, 3]",12,CNN,b,0.0009328789547711786,0.15263377065168543,25,9,0.7244785949506037
14,13,"[5, 2, 2]",44,CNN,b,0.0008928580920290604,0.15712083935044419,26,9,0.6893523600439078
15,142,[6],66,CNN,b,0.00034817952685546453,0.0033401098690941655,37,9,0.6794731064763996
16,78,"[6, 2, 6, 3]",38,CNN,b,7.832662662474148e-05,0.48240694460936595,42,10,0.6882546652030735
17,36,"[5, 4, 4, 4, 2, 7]",63,CNN,b,0.0009723488027738257,0.13887878018173255,32,9,0.6520307354555434
18,148,"[5, 4, 6]",11,CNN,b,0.00015639744528653457,0.27680465397409687,23,9,0.6783754116355654
19,81,"[7, 6, 3, 2]",35,CNN,b,2.7598401151642014e-05,0.07649507943499008,42,7,0.677277716794731
20,104,"[3, 2, 6, 4, 4]",51,CNN,b,0.00044690861094013256,0.20837953709712456,30,10,0.681668496158068
21,33,"[3, 2, 3, 4, 6]",10,CNN,b,0.0006887748452912492,0.2844702158153115,26,9,0.6761800219538968
22,30,"[4, 2, 3, 3, 6]",10,CNN,b,0.0005128398057907471,0.30277136472375044,34,8,0.7014270032930845
23,10,"[3, 3, 2, 5]",18,CNN,b,0.0009869803350180623,0.31354146837015023,28,9,0.6904500548847421
24,66,"[6, 2, 4, 3, 8, 2]",32,CNN,b,0.00018756443114195998,0.22506164529625364,22,8,0.6915477497255763
25,45,"[2, 4, 3, 4, 5]",26,CNN,b,0.0003821100210911787,0.15448505469636659,37,10,0.7003293084522503
26,24,"[5, 3, 2, 5]",15,CNN,b,0.0005837910143127252,0.17862838995486685,25,9,0.6849615806805708
27,48,"[4, 2, 4, 3, 7, 5]",22,CNN,b,1.237779629596286e-06,0.09723514134726396,5,9,0.6158068057080132
28,22,"[8, 3, 7]",16,CNN,b,0.0001102577095604947,0.26036480177419624,28,8,0.6739846322722283
29,48,"[6, 4, 3, 5, 4]",43,CNN,b,0.0005693562438156981,0.3188025918730489,19,8,0.7200878155872668
30,67,"[6, 4, 2, 7, 3]",40,CNN,b,4.559868856974852e-05,0.4655661163964624,16,6,0.6871569703622393
31,42,"[7, 3, 3, 5, 4]",72,CNN,b,0.0005796970903497165,0.32593998246969647,19,8,0.7058177826564215
32,51,"[5, 5, 3, 4]",31,CNN,b,0.00024575202717288104,0.3289605106218805,23,8,0.7047200878155873
33,77,"[6, 4, 4, 5, 5]",26,CNN,b,0.0006315798535038846,0.43189857888906513,13,9,0.6838638858397366
34,23,"[6, 2, 5, 4, 3, 5]",15,CNN,b,0.0002854969807932461,0.4023567791216639,19,10,0.6706915477497256
35,95,"[4, 3, 2, 3, 4]",53,CNN,b,0.00039294225310921075,0.24859381923872098,8,7,0.703622392974753
36,54,"[7, 3, 6, 5]",24,CNN,b,0.00020500327130119282,0.2913942602607822,29,9,0.6915477497255763
37,70,"[5, 5, 2, 6, 5, 4]",15,CNN,b,0.0008060611361742899,0.3458995575558058,33,7,0.6739846322722283
38,89,[3],32,CNN,b,0.0002803124385766908,0.33623413844086497,13,8,0.6750823271130626
39,117,"[4, 2, 5, 2, 7]",20,CNN,b,0.0004458885187466691,0.4043061177448653,40,10,0.7003293084522503
40,38,"[6, 4, 8, 4]",48,CNN,b,5.50404577018576e-06,0.11154351254708489,16,8,0.6575192096597146
41,39,"[7, 3, 3, 5, 4]",74,CNN,b,0.0006035041863561957,0.32021513319501166,19,8,0.7069154774972558
42,24,"[8, 3, 3, 6, 3]",74,CNN,b,0.0006708924857733898,0.2677376396062887,20,8,0.6761800219538968
43,55,"[7, 3, 3, 5, 4]",97,CNN,b,0.0009717446178271615,0.30481209330623005,25,6,0.7014270032930845
44,42,"[6, 8, 4, 6, 3, 7]",78,CNN,b,0.0003365801631463595,0.3590740864592823,17,9,0.6761800219538968
45,17,"[7, 3]",60,CNN,b,1.4674719900306499e-05,0.3924042765050788,48,8,0.6937431394072447
46,61,"[5, 2, 2, 5]",92,CNN,b,0.00013000191764183603,0.22810521909205364,24,9,0.6827661909989023
47,28,"[8, 4, 3, 5, 5]",59,CNN,b,0.0007181119590723811,0.0043614578864384634,21,8,0.6652030735455543
48,35,"[5, 2, 7, 6, 2, 2]",83,CNN,b,0.00044694017714753975,0.4253227444713925,11,9,0.6750823271130626
49,10,"[7, 3, 5, 7]",44,CNN,b,0.00021543237639589326,0.04945539238504547,15,7,0.6750823271130626
50,176,"[4, 4, 2]",65,CNN,b,0.0007729695249513959,0.23054774877005602,31,9,0.6838638858397366
51,45,"[7, 3, 3, 5, 4]",70,CNN,b,0.000577186857939522,0.3188888228633118,18,8,0.7156970362239298
52,72,"[7, 3, 4, 5, 4]",70,CNN,b,0.0005178350888979573,0.36618761882529943,18,8,0.6893523600439078
53,58,"[8, 2, 3, 6, 5]",78,CNN,b,0.0003275459354323231,0.31774916536952563,27,7,0.6981339187705817
54,18,"[7, 4, 3, 4, 4]",69,CNN,b,0.0008197783476469611,0.28743862607048876,21,9,0.6673984632272228
55,32,"[6, 3, 4, 5, 3]",77,CNN,b,0.0005796875948833141,0.19187898020564023,36,8,0.6915477497255763
56,48,"[2, 6, 6, 4, 6, 6]",13,CNN,b,0.00096762141865595,0.35373443132018306,23,10,0.6882546652030735
57,88,"[5, 2, 3, 3]",83,CNN,b,0.0001701110218032382,0.3830844445026658,44,8,0.6904500548847421
58,61,"[6, 2, 2, 5, 4]",18,CNN,b,0.00042907281931104665,0.273291691605899,14,9,0.7014270032930845
59,40,"[7, 6, 2, 4]",12,CNN,b,2.1063710335956435e-05,0.3384428828742631,30,9,0.6981339187705817
60,48,"[3, 3, 6, 3, 2]",37,CNN,b,2.3618889447319787e-06,0.29623538658134957,39,7,0.6520307354555434
61,42,"[7, 3, 3, 5, 4]",72,CNN,b,0.0005637547361928595,0.3178428085701271,19,8,0.6849615806805708
62,30,"[8, 3, 3, 5, 4]",68,CNN,b,0.000694343658867692,0.3190128972369784,18,8,0.6553238199780461
63,36,"[7, 4, 4, 6, 3]",88,CNN,b,0.000522371399799731,0.25816288440291063,26,8,0.6893523600439078
64,75,"[6, 2, 3, 4, 4, 8]",62,CNN,b,7.306608624728902e-05,0.32694570632663367,22,8,0.7025246981339188
65,17,"[7, 3, 3, 5]",75,CNN,b,0.0002756599450870904,0.37426277213012477,20,9,0.7047200878155873
66,64,"[5, 4, 2, 6, 5]",24,CNN,b,0.0003621884658694347,0.34114000237138725,24,8,0.6959385290889133
67,109,"[6, 2, 4, 2, 3]",81,CNN,b,0.0008280497253697373,0.283389434376986,12,7,0.7200878155872668
68,110,"[6, 2, 4, 2, 3, 4]",81,CNN,b,0.0008106931796741636,0.2472672916097661,11,7,0.712403951701427
69,130,"[6, 2, 4, 2, 2, 4]",82,CNN,b,0.0008382011332832572,0.2043943949173634,8,7,0.7069154774972558
70,109,"[5, 2, 5, 2, 3, 4]",91,CNN,b,0.0004634500841337606,0.23876330340940816,10,6,0.6684961580680571
71,118,"[6, 2, 4, 2, 3, 3]",80,CNN,b,0.000698627412019321,0.3054080166937977,6,7,0.6695938529088913
72,124,"[6, 2, 5, 2, 2, 4]",87,CNN,b,0.0009321950713987644,0.17506499811404452,9,7,0.6882546652030735
73,138,"[6, 2, 4, 2, 2, 3]",83,CNN,b,0.0008101757449717247,0.13868380897682994,7,7,0.7244785949506037
74,144,"[6, 2, 4, 2, 2, 3]",85,CNN,b,0.000784189090623231,0.1294025653608711,7,6,0.6959385290889133
75,101,"[5, 2, 5, 3, 6, 2]",95,CNN,b,0.00037839681885227627,0.14850191176063546,13,7,0.7102085620197585
76,132,"[6, 2, 4]",10,CNN,b,0.0006651037444348432,0.12420166875055935,10,6,0.7113062568605928
77,110,"[4, 2, 7, 2, 3, 6]",89,CNN,b,0.0009880025688095183,0.07081510293188138,12,7,0.7069154774972558
78,139,"[5, 2, 4, 3, 2]",56,CNN,b,0.00048506040831771655,0.17463159499577924,5,7,0.716794731064764
79,149,"[5, 2, 4, 3, 2]",54,CNN,b,0.0005214993979194784,0.1662441057446754,5,7,0.6937431394072447
80,160,"[5, 2]",47,CNN,b,0.00046528823558520744,0.18884610193657797,7,7,0.7145993413830956
81,159,"[5, 2]",49,CNN,b,0.00024843301174920827,0.1809687716685183,7,7,0.6926454445664105
82,123,[5],45,CNN,b,0.0004934480096540298,0.13916988495713378,11,7,0.6739846322722283
83,166,"[5, 2]",43,CNN,b,0.00033390236249007145,0.2153579853214281,6,7,0.7003293084522503
84,140,"[4, 2]",57,CNN,b,0.0005984969044523867,0.10344244386530765,9,7,0.7288693743139407
85,156,"[4, 2]",57,CNN,b,0.00040902141018459313,0.10398672488311952,8,6,0.725576289791438
86,137,"[4, 2]",58,CNN,b,0.0006438988110560457,0.11499838136143703,9,6,0.6959385290889133
87,151,"[4, 3, 5]",57,CNN,b,0.000409060916376185,0.08736164975659647,5,5,0.6849615806805708
88,137,[4],63,CNN,b,0.00029577879515675865,0.057519374619062626,9,6,0.6893523600439078
89,156,"[4, 5]",52,CNN,b,0.0006493655742326482,0.11030054743550201,15,5,0.7069154774972558
90,177,"[3, 2, 5]",61,CNN,b,0.000568545195108599,0.03031227304257446,8,6,0.6948408342480791
91,188,"[5, 2]",55,CNN,b,0.0007749368058036835,0.1497250167803925,7,7,0.7156970362239298
92,185,"[4, 2]",66,CNN,b,0.0007698310015239182,0.09539443645640025,6,7,0.6970362239297475
93,141,"[5, 2]",55,CNN,b,0.0008565388063755845,0.14734321112519566,9,7,0.7222832052689352
94,142,"[5, 2]",50,CNN,b,0.0009970005375671623,0.16082018622449024,11,7,0.7113062568605928
95,137,[5],55,CNN,b,0.0008611619175451011,0.14519856371225445,8,7,0.6882546652030735
96,83,"[4, 3, 4]",64,CNN,b,0.0005780033068438487,0.09974703097033141,10,6,0.70801317233809
97,154,"[5, 2]",40,CNN,b,0.000746661568369689,0.1569313036355499,5,7,0.6761800219538968
98,164,"[6, 2, 5, 8, 2]",29,CNN,b,0.00041673894127945693,0.12874546242717624,12,5,0.6959385290889133
99,195,"[5, 2]",56,CNN,b,3.9687919502144904e-05,0.11804179560410288,7,7,0.6575192096597146
100,146,"[4, 3, 8, 7]",67,CNN,b,0.00022264936300680184,0.1375706320064275,14,6,0.6783754116355654
101,130,"[5, 2]",52,CNN,b,0.0005216084636739391,0.08132545396339162,9,7,0.7091108671789242
102,190,"[5, 2]",59,CNN,b,8.608545303448885e-06,0.16869499069140856,12,7,0.6849615806805708
103,97,"[5, 2]",47,CNN,b,0.0008549165043520735,0.19264809726819493,6,7,0.7069154774972558
104,126,"[6, 5, 2, 3, 2]",54,CNN,b,0.0006503442095406205,0.10807717665793942,17,7,0.70801317233809
105,135,"[5, 2, 6, 2, 3]",61,CNN,b,0.0006244445820225295,0.13494244138065511,8,8,0.6937431394072447
106,177,[6],35,CNN,b,0.0007343980563367008,0.35080279798049413,7,10,0.7145993413830956
107,140,"[4, 3]",70,CNN,b,0.00047040699617531626,0.27986184258808594,10,9,0.6641053787047201
108,90,"[5, 2, 7]",57,CNN,b,0.0003082222241917127,0.1538587620194333,33,7,0.681668496158068
109,120,"[5, 2, 3, 3]",85,CNN,b,0.0003835678704608822,0.30619521515158415,14,7,0.6915477497255763
110,171,"[5, 3, 4, 3, 2]",17,CNN,b,0.0005626500873988097,0.3329080174355727,5,8,0.725576289791438
111,172,"[5, 3, 4, 3, 2]",13,CNN,b,0.0005508923069614289,0.288375258277873,5,8,0.721185510428101
112,173,"[5, 3, 4, 3, 2]",13,CNN,b,0.0008910008055119698,0.29007835949236266,5,8,0.681668496158068
113,200,"[5, 3, 4, 3, 2]",17,CNN,b,0.0007404103370578767,0.10056621178504309,6,8,0.7014270032930845
114,163,"[5, 2, 5, 3, 2]",22,CNN,b,0.0005193969592735911,0.296623406183621,8,8,0.677277716794731
115,169,"[6, 3, 4, 4, 2]",19,CNN,b,0.0005949772249053233,0.2679533113841914,9,8,0.677277716794731
116,152,"[3, 3, 4, 3, 3]",16,CNN,b,0.0004213359494781486,0.33278143437669305,46,8,0.6937431394072447
117,159,"[4, 4, 4, 2, 2]",13,CNN,b,2.8138855950790453e-06,0.31160770686755807,6,8,0.6399560922063666
118,182,"[5, 2, 5, 2]",11,CNN,b,6.196337232634551e-05,0.12187662658189358,7,9,0.7069154774972558
119,169,"[6, 2, 5, 3, 2]",20,CNN,b,0.0008233116608941567,0.07113019175332386,5,7,0.6410537870472008
120,181,"[5, 2]",25,CNN,b,0.0003408114990739379,0.14300233216287458,10,7,0.6871569703622393
121,147,"[5, 3, 3, 4, 3]",50,CNN,b,0.0006807352395203426,0.3278374814118191,8,8,0.6948408342480791
122,189,"[5, 3, 4, 2, 3]",15,CNN,b,0.000569808746107308,0.3659243869467596,6,8,0.6992316136114161
123,156,"[4, 4, 3, 4, 2]",72,CNN,b,0.0009934329964763225,0.34576481919323143,50,8,0.7113062568605928
124,141,"[5, 3, 2, 3, 3]",59,CNN,b,0.0005054066849837301,0.14928167065742748,29,9,0.6575192096597146
125,68,"[6, 2]",77,CNN,b,0.0007239008710870434,0.299032696522069,7,7,0.6739846322722283
126,173,"[5, 8, 4, 3, 2]",14,CNN,b,0.0008580666667400008,0.26203094402986077,5,7,0.6212952799121844
127,26,"[6, 3, 4, 4, 2]",22,CNN,b,0.00046891276555878134,0.31631308030207844,11,8,0.6959385290889133
128,73,"[5, 2, 3, 5]",55,CNN,b,0.0005996854372414172,0.27785075771060325,8,9,0.6948408342480791
129,53,"[4, 2]",18,CNN,b,0.0006695984351478072,0.09074776775301455,9,7,0.6948408342480791
130,132,"[5, 3, 3, 2, 4]",80,CNN,b,0.0004112305448482137,0.17143165563857987,12,8,0.686059275521405
131,178,[6],53,CNN,b,0.0007500423203931854,0.3518027233765091,7,10,0.6915477497255763
132,79,"[5, 2]",42,CNN,b,0.00036583542034837244,0.19166191239599964,7,7,0.6915477497255763
133,160,"[5, 2]",47,CNN,b,0.00047515246318481305,0.18215906360898104,22,7,0.703622392974753
134,114,"[5, 2]",57,CNN,b,0.0006042409092871043,0.16060029314563853,6,7,0.6520307354555434
135,166,"[5, 7]",45,CNN,b,0.000853316673012714,0.21121644360088632,5,7,0.6750823271130626
136,182,[6],36,CNN,b,0.0007134563848409938,0.3836413666070413,9,10,0.7102085620197585
137,150,"[5, 2]",40,CNN,b,0.000534102725850329,0.12918134059284614,38,6,0.6706915477497256
138,144,"[5, 2, 6]",51,CNN,b,0.00043047220730156214,0.1845944716469739,10,7,0.6805708013172338
139,163,"[8, 2, 2, 3, 3]",100,CNN,b,0.00010972712711931399,0.33576412622269736,25,7,0.6794731064763996
140,101,[6],30,CNN,b,0.0009874863671086734,0.35125510799481585,42,10,0.672886937431394
141,174,[6],47,CNN,b,0.0007713267075654042,0.32819037287802044,7,10,0.6937431394072447
142,187,"[6, 4, 3, 7, 4]",63,CNN,b,0.0006397103311952845,0.31002502854494385,8,10,0.6684961580680571
143,194,"[5, 3, 4]",55,CNN,b,0.0005042620255679217,0.28491420892685126,7,8,0.6871569703622393
144,57,"[7, 2]",34,CNN,b,0.000821774834731149,0.1995300972563221,35,7,0.7178924259055982
145,52,"[7, 2]",27,CNN,b,0.0008131628421631023,0.36330537229206905,36,7,0.6992316136114161
146,58,[7],32,CNN,b,0.000698962234631417,0.19786706761785827,37,8,0.681668496158068
147,47,"[7, 2]",10,CNN,b,0.0005812995471576458,0.16693738402273733,41,7,0.6959385290889133
148,155,"[7, 2]",60,CNN,b,0.0009050995550036553,0.24046664344517457,34,7,0.6597145993413831
149,160,"[4, 2]",49,CNN,b,0.00044158943868118474,0.1524512351915802,17,7,0.686059275521405
150,128,"[7, 3, 4, 5]",37,CNN,b,0.000762857009920753,0.2228888388907732,6,8,0.7113062568605928
151,169,"[5, 2]",33,CNN,b,0.0005645926440618845,0.1380841717497834,5,7,0.6838638858397366
152,44,"[5, 2, 5, 2, 5]",35,CNN,b,0.0006542766930785906,0.17604291177887832,35,7,0.703622392974753
153,178,"[6, 2, 4, 4, 3]",16,CNN,b,0.000883154243081694,0.10711194364378772,6,9,0.703622392974753
154,85,"[5, 2]",42,CNN,b,0.0004967140525159368,0.3233729466803906,8,7,0.6849615806805708
155,169,"[6, 2, 3, 3, 2]",34,CNN,b,0.0007074445636566128,0.34186186768427795,38,7,0.6794731064763996
156,140,"[4, 2]",39,CNN,b,0.000553425880643169,0.11903123385113262,27,8,0.6761800219538968
157,146,"[5, 4, 2, 2, 3]",12,CNN,b,0.00037725592897127036,0.20361466764958652,20,5,0.6871569703622393
158,64,"[7, 3, 3]",53,CNN,b,0.0009824673814734957,0.25557166271427384,9,7,0.6125137211855104
159,135,"[5, 2]",90,CNN,b,2.3152798682373738e-05,0.2924765832091282,15,6,0.6937431394072447
160,92,"[5, 2, 4, 5, 8, 6]",45,CNN,b,0.0007995921331982,0.14733302499282544,31,8,0.6542261251372119
161,122,"[6, 2, 4, 2, 3, 3]",80,CNN,b,0.0006358430775705546,0.24904475015035665,11,7,0.6575192096597146
162,20,"[2, 2, 3, 4, 7]",12,CNN,b,0.000869431552545002,0.2985136224257987,29,9,0.7025246981339188
163,106,"[6, 2, 4, 2, 4, 5]",93,CNN,b,0.0007537609545587374,0.15918399066897507,10,7,0.6871569703622393
164,38,"[3, 3, 3, 5, 6]",13,CNN,b,0.0006263339602989863,0.312025692615543,25,7,0.7102085620197585
165,109,"[6, 2, 4, 2, 2, 3]",82,CNN,b,0.0004538569132868111,0.18699580534692772,7,7,0.6849615806805708
166,43,"[3, 2, 2, 3, 5]",14,CNN,b,0.0008518360950991848,0.1334122785855792,26,9,0.6893523600439078
167,57,"[6, 2, 5, 2, 3, 4]",58,CNN,b,0.0007133126091082775,0.17096985041010052,13,7,0.721185510428101
168,58,"[6, 2, 5, 3, 2, 2]",51,CNN,b,0.0005424044950149141,0.16856673350914225,13,7,0.6882546652030735
169,55,"[6, 3]",57,CNN,b,0.0007019631903670133,0.17605214852599285,5,7,0.6948408342480791
170,184,"[5, 2, 6, 2, 3, 5]",56,CNN,b,0.00059321158047508,0.1969790833075323,18,7,0.6926454445664105
171,115,"[6, 2, 4, 2, 3, 4]",61,CNN,b,0.000791360151381194,0.22348059125211056,12,7,0.6783754116355654
172,13,"[3, 2, 6, 3, 7]",59,CNN,b,0.0009284980031407735,0.27335423169460066,28,8,0.6597145993413831
173,33,"[5, 2, 3, 4, 5]",18,CNN,b,0.0009993670118893603,0.33812386756697327,6,9,0.6904500548847421
174,69,"[6, 2, 5, 2, 3, 4]",86,CNN,b,0.0006834463766644225,0.15542043829566815,11,7,0.721185510428101
175,65,"[6, 2, 5, 2, 3, 3]",87,CNN,b,0.00047729736544836336,0.15829100729397744,9,7,0.6761800219538968
176,49,"[6, 2, 5, 2, 4, 4]",84,CNN,b,0.0006748455803808955,0.14233350957522076,7,7,0.6904500548847421
177,72,"[7, 3, 5, 2, 2, 3]",54,CNN,b,0.0005692800615944143,0.18094054326858477,13,7,0.7310647639956093
178,74,"[7, 3, 5, 2, 2, 3]",53,CNN,b,0.0005357332881843902,0.1726939479157087,14,7,0.7189901207464325
179,63,"[7, 3, 5, 2, 2, 3]",54,CNN,b,0.0005236754075039365,0.17748100748432383,15,7,0.6981339187705817
180,77,"[7, 3, 5, 2, 2, 3]",58,CNN,b,0.000582493204116593,0.1632442942390028,14,7,0.6937431394072447
181,73,"[7, 3, 5, 2, 2, 2]",52,CNN,b,0.0007261687114643838,0.1463646886248849,12,7,0.712403951701427
182,69,"[7, 3, 5, 2, 2, 4]",56,CNN,b,0.0003980644400098856,0.18799607439719793,16,7,0.6783754116355654
183,82,"[7, 3, 5, 2, 2, 3]",49,CNN,b,0.00046034604859460993,0.17128202799220615,13,7,0.7189901207464325
184,81,"[7, 3, 5, 2, 2, 3]",53,CNN,b,0.0006305087255353616,0.16681921759973187,14,7,0.6652030735455543
185,77,"[7, 3, 5, 2, 2, 3]",55,CNN,b,0.0005256079739494412,0.15722666835306925,13,7,0.7222832052689352
186,75,"[7, 3, 5, 2, 2, 3]",55,CNN,b,0.0003285347222028619,0.1560558329989882,13,7,0.6882546652030735
187,70,"[7, 3, 5, 2, 2, 2]",50,CNN,b,0.0004981619840894456,0.1752839177799274,13,7,0.7233809001097695
188,70,"[7, 3, 5, 2, 2, 2]",50,CNN,b,0.0004352598984877184,0.1797026529437243,12,7,0.7091108671789242
189,87,"[7, 3, 5, 2, 2, 3]",48,CNN,b,0.00026405344445516455,0.17129135671473367,11,7,0.716794731064764
190,80,"[7, 3, 5, 2, 2, 2]",52,CNN,b,0.000516444819397083,0.12931410046592096,13,7,0.7222832052689352
191,85,"[7, 3, 5, 2, 2, 2]",52,CNN,b,0.00035770284940056274,0.12795717497850184,13,7,0.7069154774972558
192,79,"[7, 3, 5, 2, 2, 3]",49,CNN,b,0.0005084842771168843,0.16647904353881768,13,7,0.7058177826564215
193,83,"[7, 3, 5, 2, 2, 3]",48,CNN,b,0.000544939016647656,0.13629769479009354,11,7,0.6838638858397366
194,75,"[7, 3, 5, 2, 2, 2]",46,CNN,b,0.00041341202244703077,0.15725035085626268,13,7,0.7145993413830956
195,70,"[7, 3, 5, 2, 2, 2]",51,CNN,b,0.000633458690306048,0.11500481703779482,14,7,0.712403951701427
196,88,"[8, 3, 6, 2, 2, 3]",49,CNN,b,0.0004975529024740768,0.14877249788679878,16,7,0.6663007683863886
197,67,"[7, 4, 5, 2, 2, 2]",54,CNN,b,0.00045603062702443656,0.20141665511804296,12,7,0.6673984632272228
198,77,"[7, 3, 5, 2, 2, 3]",52,CNN,b,0.0005615894558983189,0.17315686284139303,11,7,0.6805708013172338
199,81,"[7, 3, 6, 2, 2, 4]",50,CNN,b,0.00025682154044532327,0.10047528625659935,15,7,0.6893523600439078
