trial_number,hidden_dim,model_type,subtask,lr,dropout,num_epochs,patience,Accuracy
0,43,LSTM,b,5.7591031943574725e-06,0.07507566655054604,29,10,0.37102085620197583
1,95,LSTM,b,4.6473714477197234e-05,0.07765194426642447,32,6,0.6300768386388584
2,70,LSTM,b,1.559327588789411e-06,0.018467515392749767,44,8,0.37102085620197583
3,23,LSTM,b,0.0001019518561202606,0.19617755085003136,30,7,0.6311745334796927
4,44,LSTM,b,1.4048390046859945e-05,0.005288077200197028,37,9,0.37102085620197583
5,15,LSTM,b,0.00020112832975151436,0.25170772376399003,7,10,0.6289791437980241
6,49,LSTM,b,3.6460689501244775e-05,0.34488723703097923,48,5,0.6300768386388584
7,61,LSTM,b,0.00028453203080614745,0.10596988671656998,22,10,0.6652030735455543
8,75,LSTM,b,6.043407422803911e-05,0.4450111093148067,48,8,0.3699231613611416
9,11,LSTM,b,1.2057172083505655e-05,0.2571872465501348,25,8,0.6311745334796927
10,69,LSTM,b,0.0007255187821937084,0.1537391338188599,16,10,0.41602634467618005
11,28,LSTM,b,0.00030377903082445384,0.16685446376922827,20,6,0.6663007683863886
12,30,LSTM,b,0.0007512626174363243,0.1500267781240464,18,6,0.6882546652030735
13,30,LSTM,b,0.0009820500093125724,0.3308449385428361,15,6,0.681668496158068
14,32,LSTM,b,0.0009507500342507433,0.3686888339774095,10,5,0.7069154774972558
15,36,LSTM,b,0.0005283630617883039,0.49158491968711127,5,5,0.37980241492864986
16,36,LSTM,b,0.00012111192817033001,0.37640106740785656,11,5,0.6289791437980241
17,56,LSTM,b,0.000372176209553963,0.31795133814222665,12,7,0.6278814489571899
18,22,LSTM,b,0.00015496401717063352,0.4329665435823298,18,6,0.37102085620197583
19,90,LSTM,b,0.0008762350548409649,0.21464903938025842,9,5,0.3699231613611416
20,19,LSTM,b,1.1913686004825769e-06,0.29270142308189045,13,7,0.6289791437980241
21,31,LSTM,b,0.0007986335987013144,0.38436690115205163,16,6,0.6926454445664105
22,35,LSTM,b,0.0004806033149198753,0.3856845516853654,23,6,0.6882546652030735
23,39,LSTM,b,0.00042439641503439363,0.3950668456048553,24,5,0.3721185510428101
24,50,LSTM,b,0.0009252230096272659,0.4875316394982258,19,6,0.3699231613611416
25,30,LSTM,b,0.0002243250049094874,0.286692599404906,9,7,0.6300768386388584
26,26,LSTM,b,9.041544021954848e-05,0.11976593063162078,14,5,0.601536772777168
27,10,LSTM,b,0.0005245728888828434,0.39256483337141806,26,6,0.6761800219538968
28,38,LSTM,b,0.0004987757748220849,0.43758454303968697,36,7,0.6783754116355654
29,45,LSTM,b,2.7504708023725335e-06,0.3636420024853402,28,5,0.6300768386388584
30,56,LSTM,b,1.3116456238943834e-05,0.461134907024337,21,6,0.6180021953896817
31,32,LSTM,b,0.0006377621552243989,0.41691184903683454,16,6,0.7156970362239298
32,16,LSTM,b,0.0006644960557409604,0.41053869922153646,17,6,0.6959385290889133
33,18,LSTM,b,0.00019880544791950764,0.4026215779977584,16,5,0.6278814489571899
34,16,LSTM,b,0.0006416807242531261,0.423727365845811,10,7,0.6542261251372119
35,23,LSTM,b,0.00033128422675273404,0.3551995700708394,7,6,0.6630076838638859
36,42,LSTM,b,7.297442412368466e-05,0.3082552025599909,31,9,0.3721185510428101
37,33,LSTM,b,2.7829516691042315e-05,0.4142849564902236,5,6,0.6278814489571899
38,24,LSTM,b,0.00015066620537603723,0.0353518257656803,17,7,0.6092206366630076
39,48,LSTM,b,5.955687277196542e-06,0.4680152780852624,13,5,0.6300768386388584
40,13,LSTM,b,0.0002628090069754722,0.347721950083861,34,9,0.6278814489571899
41,31,LSTM,b,0.0006733911869611962,0.21521059681617585,41,6,0.716794731064764
42,20,LSTM,b,0.0007027784439354418,0.22614277313649317,41,6,0.6586169045005489
43,41,LSTM,b,0.0009830649244085322,0.26889640860847763,42,7,0.6630076838638859
44,32,LSTM,b,0.0006222897040406348,0.1959270839824684,38,6,0.6564215148188803
45,26,LSTM,b,0.0003990022730844095,0.4590461459260083,45,8,0.6520307354555434
46,64,LSTM,b,2.535656446888502e-05,0.2383145089782561,21,6,0.37102085620197583
47,85,LSTM,b,0.0003079389578781307,0.3352804546281581,15,5,0.7003293084522503
48,83,LSTM,b,0.00029942036276222423,0.33383750823114894,11,5,0.3896816684961581
49,97,LSTM,b,0.00017920097480324682,0.3674262017166372,7,5,0.41822173435784854
50,75,LSTM,b,0.0006150308784710853,0.19379589462330865,20,5,0.7189901207464325
51,84,LSTM,b,0.0005895204086897059,0.20513469775371562,19,5,0.3699231613611416
52,77,LSTM,b,0.0003942188170337412,0.1548812755984298,15,5,0.6223929747530187
53,91,LSTM,b,0.0007047360660981385,0.18224880797813084,26,5,0.6926454445664105
54,77,LSTM,b,0.00024073101933593338,0.2642787449609981,14,5,0.7233809001097695
55,72,LSTM,b,4.650162148200711e-05,0.26790884456299713,13,5,0.6300768386388584
56,79,LSTM,b,0.00013196069067292605,0.12618275467456133,50,5,0.7047200878155873
57,80,LSTM,b,0.00010710022924690981,0.12919301063307867,50,5,0.3721185510428101
58,65,LSTM,b,0.00025126176031860513,0.06307356995496824,47,5,0.3721185510428101
59,75,LSTM,b,0.00012774625654781314,0.18855445846896388,50,5,0.6289791437980241
60,89,LSTM,b,0.000426527138051242,0.09010748487699938,40,5,0.37102085620197583
61,85,LSTM,b,0.00035171096616644365,0.23809375673131336,43,5,0.703622392974753
62,100,LSTM,b,0.0004877890291281841,0.24177438323397318,45,5,0.5499451152579583
63,69,LSTM,b,0.00022428090965552163,0.16919296794874356,43,5,0.6871569703622393
64,79,LSTM,b,0.0008622915726967307,0.21692188505845536,39,6,0.712403951701427
65,77,LSTM,b,0.0008197652132857627,0.14278446317843302,33,6,0.6717892425905598
66,80,LSTM,b,0.000962140478916693,0.17686763692941598,29,6,0.672886937431394
67,70,LSTM,b,0.0005356261327625534,0.21671742568891153,39,8,0.7288693743139407
68,71,LSTM,b,0.0005467891922315429,0.2911075604151458,37,8,0.686059275521405
69,66,LSTM,b,0.0007859101373432957,0.2167450399145197,39,8,0.6278814489571899
70,58,LSTM,b,0.0005685718464824582,0.20895367267604154,35,8,0.6893523600439078
71,81,LSTM,b,0.00044727067855370015,0.2665364092427008,47,8,0.7113062568605928
72,73,LSTM,b,0.0004457805221212277,0.2631210798591062,39,8,0.6630076838638859
73,69,LSTM,b,0.0007565757761131996,0.22716716387433808,46,9,0.5433589462129528
74,60,LSTM,b,0.0008414956487415075,0.27994921293168956,23,8,0.703622392974753
75,87,LSTM,b,0.0005985560819725679,0.25107902629004436,9,7,0.6520307354555434
76,75,LSTM,b,0.00035108098599656037,0.3177217033341845,12,9,0.6673984632272228
77,34,LSTM,b,0.000997175491876398,0.3098086263774009,48,8,0.6520307354555434
78,82,LSTM,b,0.00047631279003179265,0.22352506354402724,31,7,0.6673984632272228
79,38,LSTM,b,0.000689769211441006,0.19614920296933658,44,8,0.6641053787047201
80,52,LSTM,b,0.00027228540278590894,0.2782057008416168,41,6,0.6926454445664105
81,80,LSTM,b,0.00038558866309079226,0.10795107008556354,48,6,0.703622392974753
82,76,LSTM,b,0.0005256452411566465,0.1421679404509696,49,6,0.7135016465422612
83,67,LSTM,b,1.9476418849036276e-05,0.1595619161430243,36,6,0.3699231613611416
84,73,LSTM,b,0.0005190036681170021,0.2046374994337513,46,6,0.70801317233809
85,63,LSTM,b,0.0004981523643496968,0.14470596488665466,45,6,0.6882546652030735
86,73,LSTM,b,6.889512029906075e-06,0.17377885447944524,49,6,0.6289791437980241
87,77,LSTM,b,0.0006020198159368597,0.20646217065309405,47,7,0.6959385290889133
88,82,LSTM,b,0.0004374833106808289,0.24767389812550375,43,6,0.6761800219538968
89,93,LSTM,b,2.0516171032824875e-06,0.1888323255627623,47,6,0.6300768386388584
90,87,LSTM,b,0.00032264981261507716,0.22818166933079698,18,7,0.6630076838638859
91,28,LSTM,b,0.0008160953883129748,0.2591983284177985,14,6,0.6849615806805708
92,78,LSTM,b,0.0006579385098500059,0.21562866437081452,46,6,0.6948408342480791
93,68,LSTM,b,0.0005352847853678059,0.20042018030210446,42,6,0.7091108671789242
94,70,LSTM,b,0.0005514014365266322,0.20372195381199149,41,7,0.6981339187705817
95,75,LSTM,b,0.00021635815153083347,0.1880833246653865,42,6,0.7025246981339188
96,74,LSTM,b,0.00017297891737190065,0.16197313708626532,44,6,0.716794731064764
97,76,LSTM,b,0.00017287561039713658,0.16333929933356037,39,10,0.7014270032930845
98,61,LSTM,b,0.00025645514121764467,0.13371268629162214,44,9,0.6915477497255763
99,71,LSTM,b,0.00034668843215653376,0.23870180692065524,38,6,0.6893523600439078
100,79,LSTM,b,0.00040645295881833464,0.1521281930266823,40,6,0.6673984632272228
101,68,LSTM,b,0.0007085960461405128,0.1969868947027855,42,6,0.6564215148188803
102,72,LSTM,b,0.0005307491852790775,0.1122792957273697,49,6,0.686059275521405
103,74,LSTM,b,0.0002957438333989318,0.17939437849012788,46,6,0.6684961580680571
104,67,LSTM,b,0.0006344242484825353,0.0873248648990953,45,6,0.6355653128430296
105,83,LSTM,b,0.000451511314989971,0.21902792447592986,20,8,0.535675082327113
106,63,LSTM,b,0.0007918563981940347,0.2315620833878551,44,7,0.6344676180021954
107,81,LSTM,b,0.0008607775310290988,0.16630657479780664,48,8,0.6377607025246982
108,73,LSTM,b,5.54881150480702e-05,0.251179749831588,42,6,0.3699231613611416
109,78,LSTM,b,8.090044051578639e-05,0.19943016600456093,17,6,0.6739846322722283
110,45,LSTM,b,0.00019034985648855654,0.13995021252513767,40,5,0.6761800219538968
111,36,LSTM,b,0.0009085595355541279,0.38253340340251346,14,5,0.3721185510428101
112,31,LSTM,b,0.0005270186203713066,0.4803329869621677,11,5,0.3699231613611416
113,29,LSTM,b,0.0007113979454804431,0.44908845423944377,10,6,0.6289791437980241
114,25,LSTM,b,0.0003812760389065436,0.43071067000495245,49,5,0.6586169045005489
115,76,LSTM,b,0.0009984859202662978,0.18534291894599997,8,8,0.703622392974753
116,74,LSTM,b,0.0005907034047380103,0.21109411091532762,16,5,0.6300768386388584
117,70,LSTM,b,0.0004898720634689483,0.3974077577392028,43,6,0.6937431394072447
118,21,LSTM,b,0.0007556370088382316,0.3002472426298886,37,6,0.725576289791438
119,22,LSTM,b,0.0006511635216455131,0.3010396831038017,37,6,0.6630076838638859
120,85,LSTM,b,0.00043767464854726216,0.267701459700726,38,6,0.6608122941822173
121,12,LSTM,b,0.0007382815020679077,0.2779912122528551,6,6,0.3699231613611416
122,17,LSTM,b,0.0008654350895365153,0.24388364763983222,41,5,0.6432491767288694
123,27,LSTM,b,0.0005917341840781451,0.2348827161320134,46,6,0.6849615806805708
124,47,LSTM,b,0.0007661430629707078,0.21937711732611404,35,6,0.6992316136114161
125,14,LSTM,b,0.0005015604472675679,0.2550639586365637,40,5,0.6783754116355654
126,21,LSTM,b,0.0006579688300305715,0.41893311795857546,44,6,0.6871569703622393
127,33,LSTM,b,0.00037979904603265734,0.32236017117653526,27,7,0.686059275521405
128,40,LSTM,b,0.00014998270304657043,0.3684470573561225,24,8,0.6158068057080132
129,79,LSTM,b,0.0008693061681987703,0.1704203601791885,47,6,0.7310647639956093
130,81,LSTM,b,0.0005683985354959668,0.1602253472957862,48,6,0.7200878155872668
131,81,LSTM,b,0.0005480987081425689,0.17724728186826477,49,6,0.6717892425905598
132,79,LSTM,b,0.00047450668117916155,0.1567194088666824,46,6,0.6915477497255763
133,77,LSTM,b,0.0008560863220195152,0.19165851523526717,47,6,0.7058177826564215
134,86,LSTM,b,0.00032055453697174546,0.16769304608976005,50,6,0.6783754116355654
135,72,LSTM,b,0.0007224656553356547,0.20650791747045538,48,6,0.3721185510428101
136,89,LSTM,b,0.000581311786090231,0.12061884140291468,47,6,0.6959385290889133
137,83,LSTM,b,0.0004284824998079542,0.14506652682347723,45,6,0.5642151481888035
138,75,LSTM,b,0.0006758375676829362,0.1781409003599468,43,6,0.7365532381997805
139,76,LSTM,b,0.00065598961401264,0.17641563138789196,43,7,0.6750823271130626
140,79,LSTM,b,0.0008510327614933967,0.1595908459015976,45,6,0.6684961580680571
141,74,LSTM,b,0.0005250488212344031,0.19318711457506874,42,6,0.6695938529088913
142,69,LSTM,b,0.0007103738521102593,0.13235555152511028,39,6,0.6037321624588364
143,81,LSTM,b,0.0009509138058604597,0.20262378536829384,44,6,0.6882546652030735
144,77,LSTM,b,0.0006026738139322688,0.18261321627778154,41,6,0.7102085620197585
145,77,LSTM,b,0.0006252027678429475,0.17043722509103035,38,6,0.6937431394072447
146,75,LSTM,b,0.0007867531350641135,0.18678347381480853,41,6,0.7244785949506037
147,79,LSTM,b,0.0007432743025543835,0.17992996734164496,40,6,0.7003293084522503
148,84,LSTM,b,0.000794920208963744,0.18386386163437407,41,8,0.6454445664105378
149,75,LSTM,b,0.0009873794227623545,0.15503312710572056,37,6,0.7047200878155873
150,82,LSTM,b,0.0006034813029054924,0.14584209359734837,39,6,0.6838638858397366
151,71,LSTM,b,0.00045562315778814897,0.2158145067641418,41,6,0.6915477497255763
152,75,LSTM,b,1.0051023410681364e-06,0.16779077056451105,42,6,0.3699231613611416
153,77,LSTM,b,0.0005607003845504744,0.18684850844250214,43,6,0.7200878155872668
154,78,LSTM,b,0.0008302856563016309,0.18590962449121912,43,6,0.6948408342480791
155,80,LSTM,b,0.0006647278079990917,0.22303860371570852,13,6,0.6487376509330406
156,78,LSTM,b,0.00040126245902596605,0.17444721148815373,48,6,0.6915477497255763
157,76,LSTM,b,0.0005815769710588244,0.001230442596647563,40,6,0.6267837541163557
158,73,LSTM,b,0.0007390885438880271,0.19484990243747408,41,8,0.7091108671789242
159,81,LSTM,b,0.0004722063671521343,0.16078821211051242,44,6,0.677277716794731
160,76,LSTM,b,0.0003464688258595454,0.2850447949470345,15,6,0.7014270032930845
161,73,LSTM,b,0.0007596410502313942,0.19312420321863014,42,8,0.7069154774972558
162,71,LSTM,b,0.0006598678843569584,0.23117556971455747,41,8,0.7102085620197585
163,78,LSTM,b,0.0006471896366654448,0.23023570251323752,43,8,0.7277716794731065
164,83,LSTM,b,0.0005613998512374515,0.21125558168496802,43,8,0.6498353457738749
165,78,LSTM,b,0.0008407522101500153,0.23942800149409282,45,8,0.6948408342480791
166,80,LSTM,b,0.0006310479021075032,0.2723748830309349,49,6,0.6992316136114161
167,75,LSTM,b,0.0008918264933766523,0.25631817228191245,47,8,0.7178924259055982
168,74,LSTM,b,0.0009080344735389939,0.2563439482433581,47,8,0.6673984632272228
169,75,LSTM,b,0.0009959439897592418,0.24727370578353716,50,8,0.6520307354555434
170,19,LSTM,b,3.8285622414872834e-06,0.22493066372245557,47,8,0.3699231613611416
171,77,LSTM,b,0.0007276241731043619,0.13743696990246243,43,8,0.6509330406147091
172,71,LSTM,b,0.000679204468361472,0.2324979639710589,48,8,0.610318331503842
173,43,LSTM,b,0.0008404936114324312,0.2582069087513273,46,8,0.6948408342480791
174,80,LSTM,b,0.00052190254946469,0.49720349615701115,39,6,0.37102085620197583
175,72,LSTM,b,3.277157144891766e-05,0.29752728304178044,44,8,0.6300768386388584
176,52,LSTM,b,0.0005747834359043391,0.21564435957654232,36,6,0.7222832052689352
177,82,LSTM,b,0.00048555331742967814,0.21481802094689273,34,6,0.5477497255762898
178,49,LSTM,b,0.0004315595390497579,0.3515292290753537,36,9,0.6739846322722283
179,57,LSTM,b,0.000805721612507542,0.20653295019615348,36,6,0.7003293084522503
180,53,LSTM,b,0.0005429005309470136,0.1510232533437538,38,6,0.6937431394072447
181,74,LSTM,b,0.0006686186719090848,0.22894243280382545,39,8,0.6619099890230515
182,36,LSTM,b,0.0006516864454396845,0.24495700665446046,21,8,0.6904500548847421
183,77,LSTM,b,0.0005870611060930912,0.1849011545350171,40,6,0.6981339187705817
184,79,LSTM,b,0.0007666221633947876,0.2220378119941411,37,8,0.6586169045005489
185,70,LSTM,b,0.0009279017888089454,0.23586898172718265,19,8,0.6882546652030735
186,76,LSTM,b,0.0005750887508322522,0.20106962730900418,12,6,0.725576289791438
187,75,LSTM,b,0.0004974176517484217,0.16956658024869198,13,6,0.6542261251372119
188,78,LSTM,b,0.0004227997874671938,0.19981295529229026,11,6,0.6937431394072447
189,76,LSTM,b,0.0005694694053589329,0.26635933452662713,12,6,0.681668496158068
190,24,LSTM,b,0.00010893297187650849,0.21236099100688519,32,7,0.6300768386388584
191,72,LSTM,b,0.0006950783417587052,0.22532605042434947,14,6,0.7288693743139407
192,74,LSTM,b,0.0007283429027511897,0.1986712210399515,29,6,0.7310647639956093
193,73,LSTM,b,0.0007485395221029726,0.19731717865859516,15,6,0.6695938529088913
194,74,LSTM,b,0.0008775339717245217,0.20793434902820337,14,6,0.7398463227222832
195,72,LSTM,b,0.0008844794499519707,0.20538839507741083,14,6,0.6970362239297475
196,66,LSTM,b,0.0007489077023458004,0.19057569325104567,12,6,0.6882546652030735
197,69,LSTM,b,0.0006420490530673505,0.22075286973037822,29,6,0.6959385290889133
198,74,LSTM,b,0.0006867217601614543,0.17828572523285724,17,6,0.3699231613611416
199,75,LSTM,b,0.0008332430840384446,0.16466589616939722,16,6,0.5279912184412733
