trial_number,hidden_dim,model_type,subtask,lr,dropout,num_epochs,patience,F1
0,74,LSTM,a,0.00016213251873439767,0.4574606850935133,42,6,0.015384615384615384
1,26,LSTM,a,4.800244150118313e-06,0.0027466698606642415,8,9,0.36699857752489334
2,92,LSTM,a,0.0004484124308699918,0.2037710281329274,19,10,0.4984615384615385
3,87,LSTM,a,5.011921363671902e-06,0.20860321676847382,44,9,0.36467236467236464
4,52,LSTM,a,2.5887107101571703e-06,0.32469788297318286,14,5,0.0
5,10,LSTM,a,4.184581363740734e-06,0.21973932217249287,17,5,0.0
6,78,LSTM,a,0.0003676382396226835,0.42711504598576716,11,10,0.46258503401360546
7,83,LSTM,a,2.2795476743534984e-05,0.3231548101013628,10,10,0.015384615384615384
8,98,LSTM,a,0.00021263108431295396,0.00872838161018935,15,9,0.4514285714285714
9,22,LSTM,a,1.2157713709989853e-06,0.10784808952248948,33,5,0.36699857752489334
10,54,LSTM,a,4.6378395539472935e-05,0.1277302264867548,28,7,0.0
11,67,LSTM,a,0.000920542270597213,0.490269515246626,23,10,0.46984126984126984
12,64,LSTM,a,0.0009946798575382124,0.3333153072398587,23,8,0.472885032537961
13,42,LSTM,a,0.0007488179150203651,0.33991161040301066,22,8,0.47466666666666674
14,41,LSTM,a,6.870708462690863e-05,0.3816074413358259,30,8,0.014925373134328356
15,40,LSTM,a,0.0003858221804547075,0.2610946285305522,35,7,0.0
16,95,LSTM,a,1.6856044398463922e-05,0.14855359845978505,22,8,0.36467236467236464
17,39,LSTM,a,0.00010152164525270292,0.2666224464918414,50,9,0.36699857752489334
18,48,LSTM,a,0.00048127676063397626,0.17455780048087688,20,6,0.4660766961651917
19,28,LSTM,a,1.1895377670427005e-05,0.08416857367755885,5,7,0.36699857752489334
20,63,LSTM,a,0.00018230072606489436,0.379153305546302,36,10,0.4317617866004963
21,65,LSTM,a,0.0008661414369797156,0.3235868672589965,26,8,0.46625766871165647
22,92,LSTM,a,0.0009787396467162363,0.29562645441374047,19,8,0.45930232558139533
23,60,LSTM,a,0.00042895432593287417,0.3736384411720064,25,9,0.4689265536723164
24,72,LSTM,a,0.0005877570190860628,0.2142288244852029,30,6,0.4850299401197604
25,74,LSTM,a,0.00026655229119805485,0.20719663132563262,39,6,0.49132947976878605
26,77,LSTM,a,0.00010245247203932974,0.20624792350916987,40,6,0.015267175572519083
27,72,LSTM,a,0.00027725759007726894,0.07605897425928382,30,6,0.517948717948718
28,87,LSTM,a,0.0002651764097722123,0.0605340934618407,38,6,0.4881889763779528
29,72,LSTM,a,0.00011739321920497246,0.16560313853970116,46,7,0.015267175572519083
30,82,LSTM,a,4.31907537843882e-05,0.04889790745392693,42,5,0.0
31,88,LSTM,a,0.00028717706451092336,0.06168575560878926,37,6,0.4904632152588556
32,100,LSTM,a,0.0002852402969870003,0.05268940289247233,33,6,0.47159090909090917
33,90,LSTM,a,0.00012560162736211205,0.1161071334215546,38,7,0.4854881266490765
34,87,LSTM,a,0.0001702031927114079,0.018266301044242594,46,6,0.015384615384615384
35,71,LSTM,a,0.0002579204628060019,0.18614495555085542,31,5,0.4702702702702703
36,81,LSTM,a,6.485422109235325e-05,0.09032510301512346,35,6,0.36699857752489334
37,93,LSTM,a,0.000523687122964378,0.13377872963278667,43,5,0.456140350877193
38,77,LSTM,a,0.0002878839774660096,0.22949825408154217,39,7,0.480225988700565
39,85,LSTM,a,0.0001450269911449061,0.02785436481331032,28,5,0.4678362573099415
40,58,LSTM,a,9.559122387505535e-06,0.0858505959274961,13,6,0.36699857752489334
41,86,LSTM,a,0.00023800254167359982,0.05947488137151151,37,6,0.4751131221719458
42,96,LSTM,a,0.0006059853673400216,0.04249343437416745,33,6,0.496969696969697
43,97,LSTM,a,0.0005508306705161764,0.03317408779824333,32,5,0.48000000000000004
44,91,LSTM,a,0.00034893300836954453,0.14830871828571995,41,6,0.4635416666666667
45,100,LSTM,a,0.000607314268424907,0.23892622553329373,34,7,0.4947916666666667
46,98,LSTM,a,0.0007704655923414997,0.2355836272770223,34,7,0.441340782122905
47,80,LSTM,a,0.0006346953200657235,0.2859960319273689,29,7,0.44887780548628425
48,96,LSTM,a,0.00038825719317700356,0.1977947150303001,26,9,0.5053763440860215
49,94,LSTM,a,0.00040493617781560957,0.24348647166914955,26,10,0.5089058524173028
50,95,LSTM,a,0.0003593353576482104,0.004562864843665859,26,10,0.4730077120822622
51,100,LSTM,a,0.0006915494834587138,0.25451404343401834,17,9,0.45578231292517013
52,94,LSTM,a,0.0004383082342369922,0.28938134152427736,24,10,0.4950980392156862
53,94,LSTM,a,0.00043779607562348096,0.29025572749914413,25,10,0.4657534246575342
54,92,LSTM,a,0.00019722484881640794,0.19094957793983725,21,10,0.4904632152588556
55,96,LSTM,a,0.00035862486795626,0.35331291179257346,18,9,0.4518272425249169
56,83,LSTM,a,1.2968439076877632e-06,0.3075567397322906,24,10,0.0
57,90,LSTM,a,7.233109230511836e-05,0.2784827086629974,27,10,0.015267175572519083
58,13,LSTM,a,0.00045867992798416095,0.16350173255542785,15,9,0.46913580246913583
59,68,LSTM,a,0.0007753536106463077,0.30960980176806974,23,9,0.4922279792746114
60,46,LSTM,a,0.00018334016441805918,0.2529627865279841,21,10,0.4715025906735752
61,99,LSTM,a,0.0005386161635650697,0.239932201480053,29,10,0.4787878787878787
62,95,LSTM,a,0.0006399879191434502,0.4392896813536862,31,10,0.47435897435897434
63,89,LSTM,a,0.00034900959328427414,0.2723965895113616,28,9,0.44984802431610943
64,84,LSTM,a,0.0009063933669883434,0.19681684861304063,33,8,0.4142857142857143
65,100,LSTM,a,0.00043147180516579217,0.22208079461238545,24,10,0.49
66,92,LSTM,a,0.00022135636361687242,0.3450135210334787,27,9,0.015384615384615384
67,95,LSTM,a,0.0009997604963735568,0.2424860239617833,19,10,0.4262295081967213
68,97,LSTM,a,0.0006281808651702602,0.3983794577893586,30,8,0.4491017964071856
69,33,LSTM,a,2.8401673561575108e-05,0.10606264754295822,35,10,0.0
70,89,LSTM,a,3.7065783921319527e-06,0.17674981008329405,26,7,0.36699857752489334
71,70,LSTM,a,0.0007826060070589699,0.29884016309343303,23,9,0.45161290322580644
72,67,LSTM,a,0.0004951204053432933,0.3180786773549603,22,9,0.49197860962566853
73,52,LSTM,a,0.0007933981780354308,0.26859727088432944,24,9,0.4764044943820225
74,75,LSTM,a,0.00030398186602959904,0.21084143028020888,20,8,0.4628571428571428
75,62,LSTM,a,0.0004289762410840501,0.3100248704108293,32,10,0.46043165467625896
76,56,LSTM,a,0.0005550000379309012,0.2612275768722641,15,10,0.4476744186046512
77,80,LSTM,a,0.0003291720875544087,0.3626926261205553,29,9,0.015384615384615384
78,87,LSTM,a,0.0007038858006543863,0.3336445756400161,22,8,0.4271047227926078
79,93,LSTM,a,0.00022378969128239798,0.04097340294865686,25,7,0.4794952681388013
80,96,LSTM,a,0.0001578931480523107,0.2254527344060171,31,10,0.5076142131979696
81,97,LSTM,a,0.0004115160454792615,0.20582156039401747,32,10,0.4925373134328358
82,96,LSTM,a,0.00014484982833756752,0.23053204300569505,34,10,0.47164179104477605
83,99,LSTM,a,0.0003868776642633464,0.19707205316959298,31,10,0.4169611307420495
84,97,LSTM,a,0.00025291332600899634,0.07417603656768537,32,10,0.493368700265252
85,91,LSTM,a,0.0002638698159981527,0.07374877349210454,36,10,0.49604221635883905
86,91,LSTM,a,0.0002954647419941117,0.10217783951161005,37,10,0.4573170731707317
87,93,LSTM,a,0.00014319501352291736,0.07377652823217797,35,10,0.5085714285714286
88,86,LSTM,a,8.942812752153672e-05,0.12640247804799865,35,10,0.015267175572519083
89,93,LSTM,a,0.00014441937013336652,0.06648794264808741,8,10,0.015384615384615384
90,89,LSTM,a,0.00016536056136893002,0.018087389354707863,29,10,0.4414893617021277
91,91,LSTM,a,0.00011389307575350936,0.1464750801272653,30,10,0.4352331606217617
92,94,LSTM,a,0.00019661286858987256,0.09363956642497345,36,10,0.45549738219895286
93,98,LSTM,a,0.0005014551858213534,0.07300086515409197,34,6,0.5182926829268292
94,84,LSTM,a,0.0004917534175688988,0.07515328370187346,33,6,0.015267175572519083
95,88,LSTM,a,0.00023198355443367478,0.04063820700435627,39,6,0.46920821114369504
96,98,LSTM,a,4.9753476131677463e-05,0.11927550954546048,36,6,0.0
97,94,LSTM,a,0.00031878545909307137,0.07866132115971133,27,10,0.5013477088948787
98,91,LSTM,a,0.0002736151226443082,0.05104203555750975,34,5,0.4386792452830188
99,79,LSTM,a,0.0003455208187247013,0.022040832109027724,27,10,0.4715447154471545
100,82,LSTM,a,0.00019878577074850356,0.07683298495179855,11,6,0.0
101,94,LSTM,a,0.0003196308395514771,0.10109816520512882,26,10,0.43916913946587544
102,95,LSTM,a,0.0003815745208151845,0.08471606899339375,28,10,0.4672364672364673
103,98,LSTM,a,0.0004854527946095263,0.4933877247820879,30,10,0.40909090909090906
104,93,LSTM,a,0.0005917198322223168,0.061797599943490614,31,10,0.4605678233438486
105,96,LSTM,a,0.00024773899518719774,0.22172030663055733,27,10,0.5072886297376092
106,96,LSTM,a,0.00013244304051409907,0.22071409946668158,38,10,0.4631578947368421
107,90,LSTM,a,8.910273365970097e-05,2.188992300412862e-05,33,10,0.49086161879895557
108,100,LSTM,a,0.0001729628823809123,0.1774287054528549,36,6,0.4840425531914894
109,86,LSTM,a,1.4751775631571606e-05,0.1581603102789779,27,10,0.36699857752489334
110,88,LSTM,a,0.0002440922321339219,0.1396294427286981,41,9,0.49056603773584906
111,92,LSTM,a,0.00039519444741851014,0.04041544760986776,25,10,0.49743589743589745
112,98,LSTM,a,0.00029087007354303514,0.03349611213783506,26,10,0.4458598726114649
113,93,LSTM,a,0.00037974863620226666,0.04128971963321633,28,10,0.45768025078369906
114,92,LSTM,a,0.00031689440367027366,0.09480988521352049,29,10,0.5026178010471203
115,96,LSTM,a,0.0005515325393217624,0.012548683134083222,25,10,0.48484848484848486
116,100,LSTM,a,0.00031923345819390175,0.05197238304505766,29,6,0.4454545454545455
117,95,LSTM,a,0.0004645758264387334,0.24770043427751653,31,10,0.4864864864864865
118,92,LSTM,a,0.0006860292222599188,0.11612500664050632,28,10,0.39259259259259255
119,89,LSTM,a,0.00022005563825544479,0.09170538586219369,25,10,0.45291479820627806
120,98,LSTM,a,0.0004036561438083387,0.06537809788024763,30,10,0.4608076009501188
121,91,LSTM,a,0.0002593512596760884,0.07169257481267387,34,10,0.4939467312348669
122,85,LSTM,a,0.0003038225387862773,0.2248126449690876,32,10,0.47025495750708224
123,94,LSTM,a,0.00034808886444899305,0.07960061821211754,27,10,0.4700460829493087
124,96,LSTM,a,0.000210876022517007,0.0954905321896336,29,9,0.4504504504504505
125,92,LSTM,a,6.39343533605774e-06,0.05675348205025103,26,10,0.36699857752489334
126,87,LSTM,a,0.0005211994853318995,0.028835679640561905,33,6,0.4669811320754717
127,89,LSTM,a,0.000263540585530837,0.04581696334371786,35,10,0.47252747252747246
128,97,LSTM,a,0.00017944470158353816,0.21183556451559676,23,10,0.5121951219512195
129,97,LSTM,a,0.00018065773637814832,0.1987405996100451,23,10,0.4837758112094395
130,100,LSTM,a,0.00014702943878452926,0.18663187869240033,21,10,0.4471744471744472
131,94,LSTM,a,0.00043371788949731323,0.208590054626855,24,10,0.4709677419354839
132,91,LSTM,a,0.00023804574443497096,0.23157747920210917,18,10,0.4770642201834862
133,96,LSTM,a,0.00036904885514214505,0.21517609959631553,25,10,0.48854961832061067
134,98,LSTM,a,0.0001615917605794464,0.25040983475678885,27,10,0.46703296703296704
135,92,LSTM,a,0.00020107867501561783,0.08248158686912849,31,10,0.4651162790697675
136,94,LSTM,a,0.00031948030307203857,0.0668338660730048,30,6,0.4718498659517426
137,90,LSTM,a,0.00012104869726359457,0.4770432143343367,23,10,0.0
138,98,LSTM,a,0.00010516089859325652,0.26020695851621534,37,9,0.015267175572519083
139,95,LSTM,a,0.000585134559277904,0.1124432458199522,28,10,0.4747474747474748
140,93,LSTM,a,0.0002883192230477472,0.23664679601005248,22,10,0.47282608695652173
141,97,LSTM,a,0.00045153837500114925,0.058312894939702736,26,10,0.48000000000000004
142,95,LSTM,a,0.00040428083813402575,0.22144490995366894,24,10,0.4431818181818182
143,93,LSTM,a,0.0008397048019735607,0.20504800037047904,20,10,0.4529411764705882
144,90,LSTM,a,0.0004928549052919375,0.2823429760848236,24,10,0.47058823529411764
145,100,LSTM,a,0.0006470709240079316,0.18865184208921731,35,10,0.48611111111111105
146,19,LSTM,a,1.5020713414641727e-06,0.0996288326100276,26,6,0.0
147,87,LSTM,a,0.0003599565672251817,0.03527124971256046,29,10,0.47592067988668557
148,96,LSTM,a,0.000262542823995468,0.16758113164978644,32,10,0.4355828220858896
149,35,LSTM,a,0.0004199946393396419,0.24428426482333532,17,10,0.5
150,36,LSTM,a,0.0003221803465071129,0.2161886218192004,17,10,0.45549738219895286
151,29,LSTM,a,0.0004333121097884141,0.27376892803004393,15,10,0.4669421487603306
152,24,LSTM,a,0.0005232065444265203,0.2414578238541529,16,10,0.47826086956521735
153,49,LSTM,a,0.00039922467001022346,0.2626099981733174,13,10,0.4607046070460705
154,11,LSTM,a,0.0002301491017159877,0.22798583852309484,18,10,0.36834532374100715
155,42,LSTM,a,0.0002971094113218973,0.2506442831650752,27,10,0.4866468842729971
156,94,LSTM,a,0.0004675846163961927,0.08581155994898723,25,6,0.46794871794871795
157,92,LSTM,a,0.0003372562197646396,0.04990700089134326,22,10,0.4971751412429378
158,92,LSTM,a,0.00033197421960652667,0.04873570258451027,19,10,0.5142857142857142
159,59,LSTM,a,0.00036169347283308715,0.022888085301325578,19,10,0.49376558603491266
160,92,LSTM,a,0.0005956293716835597,0.05218588657524376,19,9,0.4465558194774347
161,89,LSTM,a,0.0003293275682123803,0.07217079818066313,20,10,0.4537313432835821
162,98,LSTM,a,0.00026033587585596533,0.04580090493279407,21,10,0.45777777777777773
163,92,LSTM,a,0.00021696578625246397,0.061583328969974656,22,10,0.44874274661508706
164,96,LSTM,a,0.00018505217763670445,0.011846622722860193,18,10,0.4576271186440678
165,90,LSTM,a,0.0002774243389978207,0.0396068795309366,16,10,0.4420485175202156
166,94,LSTM,a,0.0003470443640094966,0.07649462401360681,34,10,0.4629080118694362
167,99,LSTM,a,0.00040716796784839637,0.08783742390629107,21,10,0.4402985074626866
168,91,LSTM,a,0.0005108816416437625,0.05526153029807198,17,5,0.49864498644986455
169,88,LSTM,a,0.0005501447410954411,0.05134908474973328,20,5,0.46351931330472107
170,96,LSTM,a,0.00048710559108599465,0.02574879879125609,16,5,0.456140350877193
171,91,LSTM,a,0.00016075435936136598,0.06689088967334549,23,5,0.44334975369458124
172,76,LSTM,a,0.0007415409458346778,0.055821576618313044,17,5,0.4342379958246346
173,93,LSTM,a,0.000400427175396529,0.03485239148319419,14,10,0.489247311827957
174,95,LSTM,a,0.00029318030341700277,0.07108683938597767,18,10,0.4751958224543081
175,92,LSTM,a,0.00024371901895887062,0.04778958420150586,36,7,0.4166666666666667
176,85,LSTM,a,3.205388598436909e-05,0.08120968427499939,19,7,0.04477611940298507
177,97,LSTM,a,0.00032681000326529984,0.23640939968474045,33,10,0.4471299093655589
178,88,LSTM,a,0.00044510168477046347,0.1993272333887315,25,5,0.48299319727891155
179,90,LSTM,a,0.00037077524335813383,0.063403754888796,28,8,0.40764331210191085
180,94,LSTM,a,0.0005275874981455988,0.09291135740820743,31,10,0.4711111111111111
181,93,LSTM,a,0.00045324006399674263,0.2970400675770551,24,10,0.4563380281690141
182,98,LSTM,a,0.0006566207252028709,0.21205350505195317,26,10,0.4542772861356931
183,95,LSTM,a,0.0003862279623164135,0.22690108604091888,30,10,0.5092024539877301
184,73,LSTM,a,0.0003182846301633361,0.22251031984387185,29,10,0.4871794871794872
185,17,LSTM,a,0.0003787389402755691,0.2452992257883564,30,10,0.42894056847545226
186,62,LSTM,a,0.00028132686626507447,0.20183859056937886,49,6,0.44819277108433725
187,95,LSTM,a,0.00019944589084844853,0.22818580218233123,32,10,0.48158640226628896
188,91,LSTM,a,0.00023342676990428923,0.10506527710760022,27,10,0.4700854700854701
189,97,LSTM,a,0.0005121972715891704,0.0442179648376827,28,10,0.4660194174757282
190,100,LSTM,a,0.00040701297068585163,0.21619503079273045,35,10,0.448
191,94,LSTM,a,0.0003440957365519969,0.23502229108664247,30,10,0.47961630695443636
192,92,LSTM,a,0.00046618904615202544,0.2541194844824512,17,10,0.4587155963302752
193,96,LSTM,a,0.000602371096154008,0.07112910452965907,23,10,0.44607843137254904
194,94,LSTM,a,0.000413023623420732,0.40741676373971425,34,10,0.4727272727272727
195,98,LSTM,a,0.0003020476457936438,0.1840701464469341,22,10,0.4688172043010753
196,69,LSTM,a,0.0003734783945004531,0.05894954871370857,26,6,0.5015290519877675
197,89,LSTM,a,0.00026031723571537575,0.059579270179486596,27,6,0.4680851063829787
198,56,LSTM,a,0.0003666994013573181,0.035361684335099695,26,6,0.4906832298136647
199,67,LSTM,a,0.00032643570000650873,0.05386483389966376,37,6,0.42142857142857143
