trial_number,num_filters,filter_sizes,hidden_dim,model_type,subtask,lr,dropout,num_epochs,patience,F1
0,67,"[7, 2, 7, 2]",77,CNN,a,2.0187903459204853e-05,0.11238628738836764,41,7,0.3943661971830986
1,113,"[5, 2]",13,CNN,a,6.176408277931454e-05,0.19249928100829533,21,8,0.475609756097561
2,16,"[6, 5, 6]",71,CNN,a,1.8676597142079583e-06,0.22952063249553867,18,10,0.0
3,167,[5],45,CNN,a,0.00018287935755483922,0.2542442745253647,30,6,0.4666666666666666
4,33,"[2, 3, 7, 4]",13,CNN,a,9.259457029081008e-06,0.059169454784542386,42,9,0.3609022556390977
5,70,"[3, 2, 8, 6]",48,CNN,a,1.8706758978187502e-05,0.4882053127002019,50,9,0.4527027027027027
6,111,"[2, 5, 5, 3, 5]",69,CNN,a,1.3066551526735823e-05,0.22140947606213712,14,8,0.3492063492063492
7,163,"[8, 5, 5, 4, 2]",29,CNN,a,0.00017331963823905022,0.17292816022677493,5,10,0.478494623655914
8,67,"[5, 8, 3, 8]",45,CNN,a,3.303761385942329e-06,0.29077924631778285,24,5,0.1437125748502994
9,49,[6],77,CNN,a,3.5597887090820316e-06,0.4119977867146158,36,5,0.343042071197411
10,199,"[8, 7, 3, 6, 2, 5]",97,CNN,a,0.0005986242915690831,0.022127414683091484,7,10,0.44029850746268656
11,136,"[4, 4]",14,CNN,a,0.00010232894845453964,0.14918808150831478,5,8,0.449438202247191
12,143,"[8, 6, 4, 5, 2, 8]",28,CNN,a,8.65663509072807e-05,0.34921613300706017,15,7,0.4615384615384615
13,113,"[4, 4]",30,CNN,a,0.0005627000511000532,0.14219629739341785,23,9,0.5035971223021581
14,179,"[4, 4, 2]",30,CNN,a,0.0009786277033727168,0.10174943804757036,29,9,0.5000000000000001
15,199,"[4, 4]",31,CNN,a,0.0008328085778782546,0.1054288054374643,31,9,0.49206349206349204
16,96,"[3, 4, 2]",36,CNN,a,0.0004205676673256089,0.06736199512496026,26,9,0.5
17,173,"[4, 3, 2]",61,CNN,a,0.00031759512304469097,0.01666291459091146,34,9,0.5096774193548387
18,134,"[3, 3]",60,CNN,a,0.0002961440159273746,0.02024163582062835,36,8,0.48763250883392223
19,96,[6],58,CNN,a,0.00024913798993827374,0.0066839197592191806,50,10,0.4660766961651917
20,152,"[4, 3, 4]",85,CNN,a,5.615828212381311e-05,0.30585710530716326,35,7,0.4716981132075471
21,179,"[4, 4, 2]",24,CNN,a,0.000815076401986081,0.11737960521894694,29,9,0.4814814814814815
22,181,"[3, 3]",38,CNN,a,0.0004687854538135144,0.0709056926863402,23,9,0.5045045045045045
23,122,"[3, 3]",41,CNN,a,0.00037468915797186437,0.05829088998465798,22,8,0.4797047970479705
24,180,"[2, 3]",20,CNN,a,0.0004548299499697257,0.1470979945479941,12,10,0.5
25,158,[3],55,CNN,a,0.0001426784570775539,0.05843027042438376,21,9,0.5159235668789809
26,154,[3],55,CNN,a,0.00013837119991592578,0.05211735970481986,19,9,0.4473684210526316
27,188,[2],66,CNN,a,4.0896966586146046e-05,0.0055016315627136325,33,8,0.4652567975830815
28,165,[3],53,CNN,a,0.00025708107652608147,0.08027141787546369,43,6,0.48433048433048426
29,150,"[3, 6, 4]",63,CNN,a,3.040132158360649e-05,0.09516374156772274,26,10,0.4753623188405798
30,190,"[2, 2, 3, 8, 8]",38,CNN,a,0.00012738692501947348,0.03696835329332798,11,7,0.4452296819787986
31,126,"[4, 3]",51,CNN,a,0.0005695512099571978,0.13712604764009254,23,9,0.49864498644986455
32,88,"[4, 4]",36,CNN,a,0.00021463149813270084,0.17747917886645093,18,9,0.5
33,167,"[5, 6]",80,CNN,a,0.0005615924823501997,0.12362740938391012,39,8,0.4825396825396826
34,173,[4],43,CNN,a,0.0002876416080891764,0.19974240021908657,20,10,0.515527950310559
35,174,[6],43,CNN,a,8.894749221182093e-05,0.19337855146795607,19,10,0.42214532871972316
36,190,[5],49,CNN,a,0.00031586542547123845,0.22270218346065995,26,10,0.46464646464646464
37,163,[3],57,CNN,a,0.0001568551140556583,0.26596381417221215,16,10,0.5131195335276968
38,158,[5],71,CNN,a,6.11069783151452e-05,0.2636874653309613,16,10,0.4338983050847458
39,143,[2],57,CNN,a,0.00015058940333721407,0.35251852056844524,11,10,0.43884892086330934
40,169,"[7, 8, 6, 2]",62,CNN,a,0.00019429366691424866,0.3315905164475381,21,10,0.4485981308411215
41,184,[3],47,CNN,a,0.00029999925577868844,0.2542078648143129,20,9,0.5257452574525745
42,160,[3],48,CNN,a,0.00010700601281004085,0.2648927279175223,17,9,0.46706586826347307
43,200,[3],69,CNN,a,0.00017875874852057235,0.3945818327667977,14,10,0.4736842105263158
44,172,[4],53,CNN,a,0.0002988813464242256,0.2513732820541066,21,6,0.5073746312684365
45,12,"[2, 7, 8, 6, 8]",46,CNN,a,8.10999172132166e-05,0.2852470598904412,9,8,0.3022222222222222
46,146,[3],76,CNN,a,4.334360880328606e-05,0.2082395920457095,20,9,0.3773584905660377
47,188,[4],64,CNN,a,1.7078529590270805e-05,0.3118779080008521,25,10,0.3571428571428571
48,160,"[5, 2]",56,CNN,a,7.053244357178723e-06,0.49470264288077154,16,10,0.19689119170984454
49,39,"[4, 7, 3, 7]",41,CNN,a,0.00036496186777095835,0.38853731647363654,13,9,0.46583850931677023
50,136,[3],60,CNN,a,0.00022084533298898592,0.24102653457008483,32,8,0.5273972602739726
51,173,[3],67,CNN,a,0.00021214497113091185,0.2395593249018051,32,8,0.4854368932038835
52,141,[3],60,CNN,a,1.6250077770769867e-06,0.2841872102578885,40,9,0.0
53,129,[2],72,CNN,a,0.00011981196102975405,0.21137008017449146,28,8,0.46875000000000006
54,117,[3],52,CNN,a,0.0007814887255379539,0.16898256008943616,35,9,0.4723926380368098
55,136,"[4, 2]",46,CNN,a,0.0002754229875081031,0.2366396703471196,38,9,0.5
56,152,"[3, 5, 6, 4, 5, 2]",58,CNN,a,0.00017227027144338099,0.4641842546080709,45,8,0.488599348534202
57,164,"[4, 6]",49,CNN,a,1.1829450929334045e-06,0.27349682630876176,33,10,0.053691275167785234
58,183,[2],61,CNN,a,7.524697599291575e-05,0.3105576882439699,30,7,0.5015673981191222
59,193,"[4, 2, 4, 7, 6]",33,CNN,a,0.00037863443817905384,0.03576406474173845,28,9,0.0
60,174,"[3, 5, 2]",43,CNN,a,0.0006649781156199031,0.19185227522485726,24,6,0.4808362369337979
61,170,[4],54,CNN,a,0.000304295655398616,0.2505367257773393,21,6,0.5095541401273885
62,155,[4],54,CNN,a,0.00024229391468331255,0.24946979023617682,18,6,0.49171270718232035
63,183,[5],50,CNN,a,0.0001484130466823347,0.22804410396306798,21,5,0.46991404011461313
64,167,"[3, 5]",65,CNN,a,0.0004909412729803323,0.29757410106495324,19,7,0.49076517150395776
65,178,[4],100,CNN,a,0.00033875941657027497,0.1675313648520991,15,5,0.5
66,149,[3],59,CNN,a,0.00023114285704523187,0.20953491767874663,23,8,0.4918032786885246
67,106,"[5, 7]",55,CNN,a,0.00042499800221166894,0.03649453309447534,17,9,0.46296296296296297
68,162,[4],89,CNN,a,0.00015910639912134007,0.33617157219894256,31,10,0.48235294117647065
69,195,[3],43,CNN,a,0.00010792882973297243,0.2699043531177831,27,9,0.5
70,186,"[3, 8, 5]",47,CNN,a,0.00030691463171755444,0.08641437123415147,34,8,0.4901960784313726
71,172,[4],52,CNN,a,0.0002798673258100773,0.23956931918704022,21,6,0.5014245014245013
72,177,[4],54,CNN,a,0.0006585893376367369,0.2565460067941366,37,6,0.4856230031948882
73,171,[4],62,CNN,a,0.0001909259932337797,0.24609101311537762,22,6,0.4915254237288136
74,155,[5],58,CNN,a,0.0005052262861652971,0.0004696636902485063,20,7,0.3770491803278689
75,138,[3],39,CNN,a,0.0009425652611662105,0.1927258191564363,25,6,0.483695652173913
76,166,"[4, 2]",52,CNN,a,0.00040271962662567307,0.05149059302916842,16,5,0.5259515570934257
77,82,"[2, 2]",51,CNN,a,0.00042564220429886933,0.023711055149542,9,5,0.5066666666666667
78,147,"[4, 2]",67,CNN,a,0.0002274904473676757,0.05026613743589172,14,5,0.49557522123893805
79,165,"[5, 2, 7]",44,CNN,a,0.00013137610362954955,0.017204985995646824,16,10,0.46048109965635736
80,131,"[3, 3]",57,CNN,a,0.00036428585580702106,0.12164817077240705,18,5,0.5150501672240803
81,128,"[3, 3]",56,CNN,a,0.0003525312483987109,0.06645040719761403,17,5,0.4742857142857143
82,118,"[3, 3]",64,CNN,a,0.0002530636085101766,0.1313047530483428,19,5,0.47023809523809523
83,161,"[3, 4, 3]",48,CNN,a,0.0005628080563693201,0.1091930061375783,13,5,0.5249169435215947
84,159,"[3, 4, 3]",47,CNN,a,0.000734955409061309,0.09906890259422049,12,5,0.4674329501915709
85,132,"[2, 3, 2]",40,CNN,a,0.0005683409443273709,0.11192336972430052,9,5,0.46037735849056605
86,177,"[3, 4, 3]",34,CNN,a,0.0005139563187241394,0.08285169225669486,15,5,0.47549019607843135
87,142,"[3, 2, 4, 3]",60,CNN,a,7.889022223322424e-06,0.06271200225827438,12,9,0.27802690582959644
88,158,"[2, 3, 2]",50,CNN,a,0.0003964257891923878,0.04155789525428433,13,10,0.5033557046979866
89,146,"[3, 4]",70,CNN,a,0.00018558925860309085,0.14836902108551916,17,5,0.5082872928176796
90,58,"[7, 3]",73,CNN,a,4.966856446601886e-06,0.07754798784511552,6,10,0.35693215339233036
91,168,[4],57,CNN,a,0.0002857761290865144,0.21970701280363206,20,5,0.4742268041237113
92,184,[3],45,CNN,a,0.00033562985187257264,0.019297627139483926,22,5,0.5192307692307692
93,195,[3],45,CNN,a,0.0004444046064086486,0.02670701763125454,18,5,0.5013054830287206
94,184,"[3, 5, 5, 5]",48,CNN,a,0.0006418348431330384,0.01108384745576441,24,5,0.4798099762470308
95,163,"[3, 4, 3]",41,CNN,a,0.0002126894574275392,0.04890033456633525,22,9,0.5029585798816569
96,180,[3],52,CNN,a,0.0003431874649032795,0.15679556209068005,15,5,0.529968454258675
97,192,[2],37,CNN,a,0.00036064759583451456,0.16452838302813827,15,5,0.5080213903743315
98,182,[3],51,CNN,a,2.8164268468675144e-05,0.18090567828801676,13,5,0.3633217993079585
99,177,[3],49,CNN,a,0.0002585493858222075,0.12135255761099252,10,5,0.5034013605442178
100,156,[3],26,CNN,a,0.0009875236953605657,0.10634567530214946,18,5,0.4697986577181208
101,187,[3],56,CNN,a,0.0003207248164533096,0.09309854012745644,16,5,0.49211356466876965
102,25,[3],53,CNN,a,0.00048301635531133603,0.15774330786985252,20,9,0.4416403785488959
103,175,[3],61,CNN,a,0.00015963240588030706,0.1382820532014341,19,10,0.48184818481848185
104,151,"[3, 3]",45,CNN,a,0.0003814631892567145,0.20270069881791716,14,8,0.5098039215686275
105,138,"[2, 3]",42,CNN,a,0.00039715685041868834,0.27900677521453027,15,8,0.48
106,151,"[6, 4]",48,CNN,a,0.0007482658569131395,0.17951962690235393,14,7,0.47674418604651164
107,161,"[3, 2]",45,CNN,a,0.0002078063861776299,0.20525506814335515,11,8,0.49504950495049505
108,168,[3],52,CNN,a,0.0005509850977248073,0.13035618593299195,16,8,0.4701754385964912
109,125,"[2, 3]",44,CNN,a,0.00034009916371113727,0.2258803531050687,17,8,0.5170454545454546
110,131,[2],34,CNN,a,0.00033854944555975023,0.2298627540706542,17,5,0.5248618784530387
111,124,[2],35,CNN,a,0.00033055689065719494,0.22885808982394942,17,5,0.523943661971831
112,121,[2],32,CNN,a,0.00026575054644009725,0.23054579281149612,17,5,0.5
113,107,[2],34,CNN,a,0.0003311457902931337,0.15646275405881183,18,5,0.5361445783132531
114,100,[2],29,CNN,a,0.00031422828394682406,0.219901396710441,22,5,0.48024316109422494
115,122,[2],38,CNN,a,0.00045897804302337384,0.1899410405433236,19,5,0.508670520231214
116,109,[2],36,CNN,a,0.00023381117109505918,0.2347213599494975,20,5,0.5096774193548387
117,115,[2],23,CNN,a,0.0004304255297588382,0.2584229204063175,17,5,0.5
118,124,[2],27,CNN,a,0.00033009227576970664,0.1589319115976844,13,5,0.5054945054945055
119,111,[2],35,CNN,a,0.0006056088855881078,0.2208219083748897,23,5,0.48708487084870844
120,100,[2],40,CNN,a,0.00027924526496747473,0.2000994754839946,19,5,0.4688644688644688
121,133,[2],42,CNN,a,0.00036462159057287286,0.24338137979978314,18,5,0.5253164556962026
122,127,[2],31,CNN,a,0.0003438697764205883,0.24442978692053635,16,5,0.5014749262536873
123,135,[2],46,CNN,a,0.0004977753298020202,0.21286763509883674,18,5,0.48823529411764705
124,89,[2],43,CNN,a,0.00022879066367509392,0.29510290518409726,17,5,0.5
125,120,[2],40,CNN,a,0.00017959303789181618,0.2618915349070564,21,6,0.4999999999999999
126,132,[2],38,CNN,a,0.0002956891853249869,0.22792232956150654,18,5,0.4968152866242039
127,139,[2],33,CNN,a,0.0004117534306609418,0.18364599593418277,22,5,0.4888888888888889
128,127,[2],35,CNN,a,0.0002576138807639663,0.23991724589088081,15,5,0.5235294117647059
129,115,[2],35,CNN,a,0.00019812854392755078,0.05675790349798851,15,5,0.5345911949685535
130,107,[2],34,CNN,a,0.0005527685954690632,0.27930515795137056,15,5,0.5151515151515151
131,126,[2],36,CNN,a,0.00026444584481981077,0.05454203366536914,14,5,0.48101265822784817
132,112,[2],30,CNN,a,0.0002094319349893298,0.07155191639269867,12,5,0.48598130841121495
133,130,[2],32,CNN,a,0.00024796480134738644,0.027022721079677976,16,5,0.515527950310559
134,103,[2],39,CNN,a,0.000347062149725276,0.2519335857290769,15,5,0.5071225071225072
135,118,[2],36,CNN,a,0.00019778839452900691,0.23963595059242407,17,5,0.478688524590164
136,135,[2],47,CNN,a,0.00040125283597995816,0.0424177277496664,13,5,0.4573643410852713
137,114,[2],17,CNN,a,0.00013260332371599443,0.2713596898241955,16,5,0.46017699115044247
138,143,[2],42,CNN,a,0.00029943298246910453,0.06317890510870819,19,7,0.5107692307692309
139,125,[2],44,CNN,a,0.0006616281991601994,0.07661082523698055,14,5,0.5073746312684365
140,123,[2],50,CNN,a,0.0001745983967092406,0.09129185545673316,18,5,0.4985337243401759
141,180,[2],42,CNN,a,0.0003339940821930065,0.23458163644688124,20,8,0.5087719298245613
142,131,[2],31,CNN,a,0.0002491347592448819,0.009690894942713664,16,5,0.4816053511705686
143,118,[3],34,CNN,a,0.00044699097863903643,0.21311043224815845,18,5,0.4758842443729904
144,130,[2],29,CNN,a,0.00025762028246470166,0.036084428823483464,15,5,0.5364431486880467
145,128,[2],25,CNN,a,0.00038118692121321584,0.026086139381310148,15,5,0.4850299401197604
146,115,[2],29,CNN,a,0.0003010362395906207,0.039938962921235215,12,5,0.5181058495821725
147,115,[2],28,CNN,a,0.0002871561902438365,0.03522044657028347,11,5,0.5116279069767442
148,110,[2],29,CNN,a,0.0004834967619981041,0.043869434510072455,13,5,0.4891304347826087
149,121,[2],37,CNN,a,0.0003278895975586134,0.24632515822681322,12,5,0.48765432098765427
150,93,[2],27,CNN,a,0.0002129625043955486,0.22601657735664787,8,6,0.44370860927152317
151,103,[2],33,CNN,a,0.00023835479190396444,0.0598245804361916,14,5,0.4900662251655629
152,133,[3],30,CNN,a,0.00035985610622724627,0.05352622922705594,15,5,0.4794952681388013
153,140,[2],22,CNN,a,0.00027224792315117376,0.019685085913659788,17,5,0.5144508670520231
154,126,[3],54,CNN,a,4.870014630192266e-05,0.03578564894182318,10,5,0.3968871595330739
155,188,[3],50,CNN,a,0.00016042339803925683,0.2539061423654813,14,5,0.4906832298136647
156,116,[2],35,CNN,a,0.0004134736204525357,0.06959601713244329,49,9,0.49844236760124616
157,135,[2],48,CNN,a,0.0003100439370865827,0.004139265900324179,30,5,0.5191740412979352
158,134,[2],47,CNN,a,0.0003269401735736404,0.0008934110878977275,31,5,0.49838187702265374
159,146,[8],45,CNN,a,0.0004576730866636975,0.01785297312876513,29,5,0.46470588235294114
160,123,[2],49,CNN,a,0.0002947302962042126,0.033241338481100766,16,5,0.5139318885448916
161,138,[2],51,CNN,a,1.5145518138766725e-05,0.008003750444699781,32,5,0.2797202797202797
162,129,"[2, 5, 6, 7, 4, 8]",53,CNN,a,0.00024295854182529604,0.05512499621304876,32,5,0.47368421052631576
163,121,"[2, 4, 8, 3]",39,CNN,a,0.00019261752694960208,0.029565233951951236,29,5,0.49567723342939485
164,136,[3],48,CNN,a,2.4684684933064163e-05,0.012796748353605763,17,5,0.4074074074074074
165,198,[2],10,CNN,a,0.0003687214707377992,0.04454889889237941,34,5,0.5082872928176796
166,143,[3],32,CNN,a,0.0005392892668704388,0.10322920479197761,20,9,0.5014409221902018
167,185,[2],55,CNN,a,0.00029597003900701696,0.2636206661013022,30,5,0.49504950495049505
168,107,[2],46,CNN,a,0.00025541701208662795,0.24062970879263457,19,5,0.47318611987381703
169,128,[3],41,CNN,a,0.00038457254102976885,0.11283032076240929,15,5,0.5109034267912773
170,112,"[7, 2]",59,CNN,a,0.0002277042509216912,0.22929934100235821,13,7,0.48192771084337355
171,174,[2],43,CNN,a,0.00030501404209357634,0.21603755006348352,21,5,0.48433048433048426
172,180,[3],52,CNN,a,0.00032842172991848526,0.20278866783551214,27,8,0.49431818181818193
173,129,[2],29,CNN,a,0.0002594545452672313,0.04758238132787468,16,5,0.5178571428571429
174,132,[2],24,CNN,a,0.0002051681052606508,0.0424957950398597,17,5,0.4861111111111111
175,125,[2],27,CNN,a,0.00026712472892174446,0.07917504293507452,18,5,0.4853801169590643
176,118,[2],30,CNN,a,0.00043753317195920153,0.020913706634285448,16,5,0.49350649350649356
177,130,[2],34,CNN,a,0.0003590445130102683,0.0508849362803622,15,5,0.5033557046979866
178,191,[2],20,CNN,a,0.00021821941566354413,0.24838840938880125,12,5,0.4808362369337979
179,136,[2],37,CNN,a,0.00027988964803767074,0.06458399971279472,14,9,0.5085714285714286
180,124,"[3, 5, 6]",28,CNN,a,0.00018400576304826102,0.03036107047881132,16,5,0.4720194647201947
181,170,[4],45,CNN,a,0.00031327716791437646,0.23299214371441676,19,8,0.5016722408026757
182,130,[2],34,CNN,a,0.00025658457973285056,0.023929050303942614,18,5,0.5212464589235127
183,128,[2],32,CNN,a,0.00024777695518803414,0.015667386540102676,18,5,0.5333333333333333
184,133,[2],31,CNN,a,0.0002451012814942033,0.004149990529633142,18,5,0.48598130841121495
185,128,[2],34,CNN,a,0.000386188739636851,0.013072285143885295,17,5,0.5
186,120,[2],32,CNN,a,2.307836047443185e-06,0.00023825531665751113,17,5,0.05442176870748299
187,140,[2],29,CNN,a,1.0619835543209804e-05,0.02681471881798891,16,5,0.35463258785942486
188,126,[2],26,CNN,a,0.00026750675989855525,0.015463971314552585,18,5,0.5266272189349113
189,130,"[2, 6, 7, 2, 7]",26,CNN,a,0.0002668510249972961,0.012635544732478224,18,5,0.4726027397260274
190,115,[2],22,CNN,a,0.00024173247568405525,0.018798708550782507,19,5,0.4738675958188153
191,125,[2],35,CNN,a,0.0003450527825506784,0.03742003695725817,15,5,0.5065963060686016
192,135,[2],32,CNN,a,0.0003151018555724684,0.02451673689345174,16,5,0.5055555555555556
193,120,[2],25,CNN,a,0.00041439324631303674,0.45801356427602713,19,5,0.5161290322580645
194,123,[2],38,CNN,a,0.00028273108608814967,0.04145929811982836,17,5,0.49358974358974356
195,128,[2],29,CNN,a,0.00022573409836601757,0.0492784177594102,18,5,0.4660194174757281
196,132,[2],36,CNN,a,0.00033689070216368186,0.01683466171669866,13,5,0.5125
197,139,[2],33,CNN,a,0.0004958289380295304,0.031178908822869892,33,5,0.5069637883008357
198,126,[2],30,CNN,a,0.0002731140400536256,0.2403757529156111,15,5,0.49826989619377166
199,118,[2],28,CNN,a,0.0003748675032328975,0.14491768204098818,20,5,0.5227963525835866
